{
    "font": {
        "System UI": {
            "class": ""
        },
        "Crimson Text": {
            "class": "font-crimson"
        },
        "Pacifico": {
            "class": "font-pacifico"
        }
    },
    "color": {
        "Gray": {
            "color": "gray",
            "emoji": "🥚"
        },
        "Citron": {
            "color": "citron",
            "emoji": "🍋"
        },
        "Peach": {
            "color": "peach",
            "emoji": "🍑"
        },
        "Blueberry": {
            "color": "blueberry",
            "emoji": "🫐"
        },
        "Brown": {
            "color": "brown",
            "emoji": "🪨"
        }
    },
    "pattern": {
        "None": {
            "filename": ""
        },
        "Bubbles": {
            "filename": "bubbles.svg"
        },
        "Stripes": {
            "filename": "stripes.svg"
        }
    },
    "texture": {
        "None": {
            "filename": ""
        },
        "Grain": {
            "filename": "noise-dark.png"
        }
    }
}